{
  "creds": {
    "noiseKey": {
      "private": {
        "type": "Buffer",
        "data": "cFFLqU5HLL2+Q/WAdtOiGvhgx1+n4/AmHgqTvmVGuFE="
      },
      "public": {
        "type": "Buffer",
        "data": "d7WmkoDvTul8Z2FAGpO9EnvFtblgMHE7oL/v9yU3OhQ="
      }
    },
    "signedIdentityKey": {
      "private": {
        "type": "Buffer",
        "data": "2EoGwO/ZSO67beIjCIly6tFSD7jXdmOTKwtswX7ceks="
      },
      "public": {
        "type": "Buffer",
        "data": "QdR6W3ajROZSxPoOxnUw1oOn1ATj5IlwgEyY0d2Mamw="
      }
    },
    "signedPreKey": {
      "keyPair": {
        "private": {
          "type": "Buffer",
          "data": "IM+Zqk3UOTSGkDNRz7l2o5v3IC902xZHuw9h13N9k0M="
        },
        "public": {
          "type": "Buffer",
          "data": "MCSm+2BZwY0B47P96K47CkYruCyr6MWnoYp4xsbJslg="
        }
      },
      "signature": {
        "type": "Buffer",
        "data": "CUO3GzDBbRGoGDMEvurLSaSXb0im/E06x1oovwj2C+GElDbO6brwXFoXALl7YMxrjfvroNgmn83YeUTC+E/Agg=="
      },
      "keyId": 1
    },
    "registrationId": 255,
    "advSecretKey": "2vhg0cRUNBRNFkZKBHqiJ45faoQAXdEaRJd2YltmMdM=",
    "nextPreKeyId": 31,
    "firstUnuploadedPreKeyId": 31,
    "serverHasPreKeys": true,
    "account": {
      "details": "CLWzu84BEMir1ZcGGAE=",
      "accountSignatureKey": "3cXI59Gg4oU4bjtwuhIgOMwnehR1MNeVEgsoLTMkrmQ=",
      "accountSignature": "d9BPgkMvWwuzbkxltlLMivpm+KD4BiGegeWJF7DFZeYdB5ciafWF8B5/0aIhAXwVZ2WTg2Sg+qWuRIHMBmc9Bw==",
      "deviceSignature": "6k/2WdVCBS4jtu3PrVGB6LcAjZXgGWLdnnwWgGScoDy+ceAEeONeyqxzp1KT/DlkU39RmRcziTuHaq+3E1bDjg=="
    },
    "me": {
      "id": "558499253292:27@s.whatsapp.net",
      "verifiedName": "",
      "name": "Mezap"
    },
    "signalIdentities": [
      {
        "identifier": {
          "name": "558499253292:27@s.whatsapp.net",
          "deviceId": 0
        },
        "identifierKey": {
          "type": "Buffer",
          "data": "Bd3FyOfRoOKFOG47cLoSIDjMJ3oUdTDXlRILKC0zJK5k"
        }
      }
    ],
    "lastAccountSyncTimestamp": 1660245451,
    "myAppStateKeyId": "AAAAAL/3"
  },
  "keys": {
    "preKeys": {
      "1": {
        "private": {
          "type": "Buffer",
          "data": "0NfmCd97CNv2KfRX4wIFbIYv4jAo4zHOr541Y2S+amA="
        },
        "public": {
          "type": "Buffer",
          "data": "laQlQMYH4LIBZ4nmnxnR8PQMhwXNVrn+j26jMHt6NTw="
        }
      },
      "2": {
        "private": {
          "type": "Buffer",
          "data": "8KKexH4/7F33gbE462wmMMa5vjQPlIUYVE8HtmK99no="
        },
        "public": {
          "type": "Buffer",
          "data": "ETcnrNyCTMu7NpHwxuy85ol8B9TrE+E3fNqRdinltX8="
        }
      },
      "3": {
        "private": {
          "type": "Buffer",
          "data": "sGkMBnLXyoOmzSLQVdH00FqjaoJM4uuqnR3qCv63QUU="
        },
        "public": {
          "type": "Buffer",
          "data": "gsS2kiahQA4wY19+s4XabtVhBkP7EvGUGlWOn6Ms0QA="
        }
      },
      "4": {
        "private": {
          "type": "Buffer",
          "data": "eMsP8/MJdeLUjuS99dOBDu46yw73KT27cgRshMEkL1w="
        },
        "public": {
          "type": "Buffer",
          "data": "dCxu2zcCMd1e2rcRU0E/IiALmYl5WOTyuKxvaVlIjX4="
        }
      },
      "5": {
        "private": {
          "type": "Buffer",
          "data": "UGK19/EbjNqcQwRGt+VstncWzxGDIFMUko+CXJEsG2k="
        },
        "public": {
          "type": "Buffer",
          "data": "rfSDqma0uvbbWz5UDlxLVtvJMyubydsiN1AHfJGQSm8="
        }
      },
      "6": {
        "private": {
          "type": "Buffer",
          "data": "KNW5QWUvKB2QJYxSPHpmW2SF6v2ZZ3/uf9D+r7QH9Wk="
        },
        "public": {
          "type": "Buffer",
          "data": "w7iH1E/z2iXKJrvRPNnT3e38egz+mGNhB9sct3Ex7Ug="
        }
      },
      "7": {
        "private": {
          "type": "Buffer",
          "data": "iPYT/SII+R+SH4ne45FWLzJgv1SOxv37F8T0mrBFgUM="
        },
        "public": {
          "type": "Buffer",
          "data": "7YllkgdiRPM0mteLdvYHD9C1jncb6nbYZvV0s8nRrEM="
        }
      },
      "8": {
        "private": {
          "type": "Buffer",
          "data": "uL0ro4oV+B6WZW4nGWoLzuEIfpS/Ufveu9j7r+8/03E="
        },
        "public": {
          "type": "Buffer",
          "data": "eUozbvvhgDifc0DsIOStMx9RJUg0aSgeLC3tnymLsx4="
        }
      },
      "9": {
        "private": {
          "type": "Buffer",
          "data": "kJXdqr2KN7AGOPx0fQy3PPvdcBgKFGIOlEu1I9e0TWM="
        },
        "public": {
          "type": "Buffer",
          "data": "bMaL27dHPslSwAJRkvZ3KaKULQxFw1F3dLtq/N2tdDE="
        }
      },
      "10": {
        "private": {
          "type": "Buffer",
          "data": "aKwDe5r7UzhGINQbpTDKZEQgJpA8UczDqooZmkIIoWU="
        },
        "public": {
          "type": "Buffer",
          "data": "bDeAZiv9q9YA1uc0PrtvlLW2oKyNBWtyOKaNxuYpbDM="
        }
      },
      "11": {
        "private": {
          "type": "Buffer",
          "data": "CBN9DpTH0RZ+bpipiiLn8DFuYatq9Z1ApabLuQ7PpWk="
        },
        "public": {
          "type": "Buffer",
          "data": "N5Q/DbMw17QfXJYqA4/u9v1ZAU8aunYPJuBy8CM0tEg="
        }
      },
      "12": {
        "private": {
          "type": "Buffer",
          "data": "mBhOTW9/xaOggrIjVDBxSljANdxe8xHM6XyaEcCEiV4="
        },
        "public": {
          "type": "Buffer",
          "data": "Rlt+p540RyvJ+WY8BrYY0uWpgt2cAsiplYmXc5Zlyy0="
        }
      },
      "13": {
        "private": {
          "type": "Buffer",
          "data": "0EHPV0nl0I8UKFt5+q3vdvMa8aQwB9Gl88xvHWU1CUo="
        },
        "public": {
          "type": "Buffer",
          "data": "3RkOe/7E/7awzV+dK30IWgXuNVTs9CiGY9fTocOuUnU="
        }
      },
      "14": {
        "private": {
          "type": "Buffer",
          "data": "sO6Leb5ed2JsXH1Cl2ySKKp3hpi0aPEe5rNAIeW6X0Y="
        },
        "public": {
          "type": "Buffer",
          "data": "MNm8HtxoOYU1NdtGWYBCEkO479oK9HSppsN1amG7Txg="
        }
      },
      "15": {
        "private": {
          "type": "Buffer",
          "data": "kDCzo8IXv34FdkgbfdqU8P7MUtXHlyOOSlyoZ/2TLXQ="
        },
        "public": {
          "type": "Buffer",
          "data": "/FuF6++5WlgM+2OLRJqze7aa6ic4k+VpaaG+lmkyfgM="
        }
      },
      "16": {
        "private": {
          "type": "Buffer",
          "data": "gIl1rrEcfjeNy3jtIaAE/qh4oeqePmojJKiV4aQEuUQ="
        },
        "public": {
          "type": "Buffer",
          "data": "JIjNQSaNfUmIERPo1/kkbXRsEGcyBAG6AtqyfoFj5l0="
        }
      },
      "17": {
        "private": {
          "type": "Buffer",
          "data": "UDIteXALJs1C4w3r0/FWvySZgnprrN/subW16ehRCkM="
        },
        "public": {
          "type": "Buffer",
          "data": "H2VI/S3xE5nmIDe14If623r+SdnEwmv4/9XCkpoFhTY="
        }
      },
      "18": {
        "private": {
          "type": "Buffer",
          "data": "MNa/5OCW7MMFvO8HzIhNjXkzD05ngYTaw3oe+6hhsUo="
        },
        "public": {
          "type": "Buffer",
          "data": "Cmm8v2bRDe0YaHwYwWtdLEtttouhwaKIPL3JEK9q8BE="
        }
      },
      "19": {
        "private": {
          "type": "Buffer",
          "data": "oIZNw9/WYvKcV/H9MTiN98BvLMCJErpazD8gfdFTvUU="
        },
        "public": {
          "type": "Buffer",
          "data": "+Xfx1Ety5nTmxYOi5fVBZMt5Q/XXVgGMkDvk7Kg7XBA="
        }
      },
      "20": {
        "private": {
          "type": "Buffer",
          "data": "MDuqsqRrNrOc1JKQaEaC2Ee3d6P7jxQVyPdfMVAOFHc="
        },
        "public": {
          "type": "Buffer",
          "data": "gJnoF6kelRiGKKIFLbPWSDpvxTKeCxm70INrc3JxNhc="
        }
      },
      "21": {
        "private": {
          "type": "Buffer",
          "data": "KOrUY+ryReZK5ijprCXp11IHLvI32tZW3qWGNmgrGFA="
        },
        "public": {
          "type": "Buffer",
          "data": "ZkpOHX6UttDdAzY6jes6tcTla7DribKng/uck+3ixGE="
        }
      },
      "22": {
        "private": {
          "type": "Buffer",
          "data": "0BSFB9T3PqHY8gExCeiabPC9PP5qjH9wo5YIMaREqVQ="
        },
        "public": {
          "type": "Buffer",
          "data": "mmqMLk9kpsfNMHeBdQYS1TFC0WaQFuQzjy0y6g5MMh8="
        }
      },
      "23": {
        "private": {
          "type": "Buffer",
          "data": "GDqGmnJPw0zYKu/3O4LnRhS3p+EmxXtLseeTEPWQOkU="
        },
        "public": {
          "type": "Buffer",
          "data": "llrw2OybfEERQX7NrAGfmyqs4VI4aCUwARZNZfJ43xY="
        }
      },
      "24": {
        "private": {
          "type": "Buffer",
          "data": "mCyIqNDpK4gMnL1eTgL/KasmehQG5nVzHDRDJ4oorXk="
        },
        "public": {
          "type": "Buffer",
          "data": "ywbNyZvha04Z1SoG2xdZ2j4VkoJq+Mr0j7wLBhLwHyw="
        }
      },
      "25": {
        "private": {
          "type": "Buffer",
          "data": "iISio4cJK5rLru7JIa0QpFNjHgo/qEN6Pxl+plitiF8="
        },
        "public": {
          "type": "Buffer",
          "data": "CjgWP70VF/bYzXBV7T0Yd+uonl5Aj+104C14fXE27n0="
        }
      },
      "26": {
        "private": {
          "type": "Buffer",
          "data": "eDhCHW79e9BJZNih41xIq4beXraXGGQTXpmiR8jTaU8="
        },
        "public": {
          "type": "Buffer",
          "data": "tqmKZE9wEwpXzoOo2oZBWHUvD7lQ4yuE9G2h9kzDsVE="
        }
      },
      "27": {
        "private": {
          "type": "Buffer",
          "data": "2HLgBPM0fbof7jkIfD/zclmowyqDKn9m289RpAuDGF0="
        },
        "public": {
          "type": "Buffer",
          "data": "MGhTTaONf58uuwxeMCZ58ADc/HFM4BdGIbT+BnMfrAk="
        }
      },
      "28": {
        "private": {
          "type": "Buffer",
          "data": "uJiMaaw6E1h1EizkLpHCG/pmuVj6+CbSVLikJuImxWE="
        },
        "public": {
          "type": "Buffer",
          "data": "FquWYCRMRFvqp1rGbaG/bWp1MhmyHTZme6l/2BF+uxU="
        }
      },
      "29": {
        "private": {
          "type": "Buffer",
          "data": "+BLZrMXWLVDzFHY+JAUMTvxZBGWbOjrs0ePqqc/xpF0="
        },
        "public": {
          "type": "Buffer",
          "data": "ZXQAWpQbqGVoPU1mNmuOl/CfNGmqHg+QqIRZRumQ61Q="
        }
      },
      "30": {
        "private": {
          "type": "Buffer",
          "data": "ACcg5yuu5tXoqwBn1vXQ5bp7vVOqAdLQYc+V5ktF4mE="
        },
        "public": {
          "type": "Buffer",
          "data": "gCgI/RTy6qIYtcTavtKEMtns5VO5M9VY9sC7wKPgESc="
        }
      }
    },
    "sessions": {
      "558499253292.0": {
        "_sessions": {
          "BTuL2s97tgOSdHV9DwhwQdjth0skHzmhnl1uXC/WGDkl": {
            "registrationId": 1322849916,
            "currentRatchet": {
              "ephemeralKeyPair": {
                "pubKey": "Bb+Ys4VBFAhmRR4hWCt7rfYnTlFpzkkLh0kSahgcD1hD",
                "privKey": "APsdoXNZ19wb48GF45YYWeTlzL6YrU5kO+2KMqXMelU="
              },
              "lastRemoteEphemeralKey": "BbqIFpVBV6x9R/1BGrD0sbE+RENwLFEhTawSoSzlqp5s",
              "previousCounter": 0,
              "rootKey": "26OwlEDaKhE6PRJETd2kPFxFTibLvWlj64RacqMToOM="
            },
            "indexInfo": {
              "baseKey": "BTuL2s97tgOSdHV9DwhwQdjth0skHzmhnl1uXC/WGDkl",
              "baseKeyType": 2,
              "closed": -1,
              "used": 1660245451896,
              "created": 1660245451896,
              "remoteIdentityKey": "Bd3FyOfRoOKFOG47cLoSIDjMJ3oUdTDXlRILKC0zJK5k"
            },
            "_chains": {
              "BbqIFpVBV6x9R/1BGrD0sbE+RENwLFEhTawSoSzlqp5s": {
                "chainKey": {
                  "counter": 5,
                  "key": "zUKlN9v2KRvmh6oKt5kriTM4gIM/Xnt7nGgP21Odd7k="
                },
                "chainType": 2,
                "messageKeys": {}
              },
              "Bb+Ys4VBFAhmRR4hWCt7rfYnTlFpzkkLh0kSahgcD1hD": {
                "chainKey": {
                  "counter": 4,
                  "key": "rCopzTQ760mqrv2A1PYAYJgTEPP0dhOC0WoiWoxfU3U="
                },
                "chainType": 1,
                "messageKeys": {}
              }
            }
          }
        },
        "version": "v1"
      },
      "558487799442:4.0": {
        "_sessions": {
          "BUc8+09zV1t1ljm2hzZ1Lz81Ky0SFo89gUHzdQYtEvwR": {
            "registrationId": 10273,
            "currentRatchet": {
              "ephemeralKeyPair": {
                "pubKey": "BXvjRlLzNhPiV9T3hmG/GQd8jNKetT4s7hq92VjMXxQK",
                "privKey": "YHisQqcEFg2gki2y8fD6ca/aD6QhC4FHbpnQqhhEdEM="
              },
              "lastRemoteEphemeralKey": "BeFpxC+lSP8Paw1AJRW1mKRizSe9nwPiWUF1epQ++pB1",
              "previousCounter": 0,
              "rootKey": "xLiTzxsd5dy2boBqi7GrJRmxDA7Jh0a6McHvisBb0s4="
            },
            "indexInfo": {
              "baseKey": "BUc8+09zV1t1ljm2hzZ1Lz81Ky0SFo89gUHzdQYtEvwR",
              "baseKeyType": 1,
              "closed": -1,
              "used": 1660245466966,
              "created": 1660245466966,
              "remoteIdentityKey": "BW8/QQQ8Zqa4GHgHlnjg21TiYI9y1gHvk73ZszXH30F0"
            },
            "_chains": {
              "BXvjRlLzNhPiV9T3hmG/GQd8jNKetT4s7hq92VjMXxQK": {
                "chainKey": {
                  "counter": 0,
                  "key": "kyXz+RCO1f9zP4hoOj+wRDAvu4GKXCfT0BUgjq+/8/U="
                },
                "chainType": 1,
                "messageKeys": {}
              }
            },
            "pendingPreKey": {
              "signedKeyId": 3,
              "baseKey": "BUc8+09zV1t1ljm2hzZ1Lz81Ky0SFo89gUHzdQYtEvwR",
              "preKeyId": 713
            }
          }
        },
        "version": "v1"
      },
      "558487799442.0": {
        "_sessions": {
          "BWDM2rhL8FH6p5dneKQjrCKWwBqPXk4Z0AkGifswtOM9": {
            "registrationId": 205124257,
            "currentRatchet": {
              "ephemeralKeyPair": {
                "pubKey": "BSqNXOQhqXsMoc9Ko0q4WXomL1ym7SymXJfhpd6yJO4m",
                "privKey": "KD32kZC1SzTqMqMvUH5N2nr34YiDnc0gFpOq2e1jmlQ="
              },
              "lastRemoteEphemeralKey": "BdP4YXPZghjF/EL91LQpp79qQ5M9gQSOGp4/473V0r8l",
              "previousCounter": 0,
              "rootKey": "hYWy73k2wIKO1B5nzZdsAo/wDwGhSZ+ypftjtv67lJk="
            },
            "indexInfo": {
              "baseKey": "BWDM2rhL8FH6p5dneKQjrCKWwBqPXk4Z0AkGifswtOM9",
              "baseKeyType": 1,
              "closed": -1,
              "used": 1660245466967,
              "created": 1660245466967,
              "remoteIdentityKey": "BZaupfxXn0yf1bKJXvbSgA2dYqZKdOOIEChvz2oggsMO"
            },
            "_chains": {
              "BSqNXOQhqXsMoc9Ko0q4WXomL1ym7SymXJfhpd6yJO4m": {
                "chainKey": {
                  "counter": 0,
                  "key": "woPBIghA31Rs8bEgn4USu5n3VPYgOijo5ACynHSqgQc="
                },
                "chainType": 1,
                "messageKeys": {}
              }
            },
            "pendingPreKey": {
              "signedKeyId": 41,
              "baseKey": "BWDM2rhL8FH6p5dneKQjrCKWwBqPXk4Z0AkGifswtOM9",
              "preKeyId": 13488538
            }
          }
        },
        "version": "v1"
      },
      "558481896042:43.0": {
        "_sessions": {
          "BYlkY1e74P33RIhv6/qOXsAqT3HGXCbxSAx8YVUwckoX": {
            "registrationId": 12408,
            "currentRatchet": {
              "ephemeralKeyPair": {
                "pubKey": "BXb544RjwRhjqUg3ur69xR0oBDT1q0WKDu/EkJ/l77MY",
                "privKey": "EAaQbDPM/iQeVexGxWo8DUxHsT/oAoacub95HE5S/U4="
              },
              "lastRemoteEphemeralKey": "BT3aACViwaovv79mFK7EIq3JaDMeOucmMZCRg/Mam1dL",
              "previousCounter": 0,
              "rootKey": "DUyWuUnKHuCVzUwbQyvjYlC+G1cagSJ/8WOg1JDz7xI="
            },
            "indexInfo": {
              "baseKey": "BYlkY1e74P33RIhv6/qOXsAqT3HGXCbxSAx8YVUwckoX",
              "baseKeyType": 1,
              "closed": -1,
              "used": 1660245471865,
              "created": 1660245471865,
              "remoteIdentityKey": "BT8e8hvtuErCiI/2dFCRpipH5fk8+RjEZxeguQozQ8Fi"
            },
            "_chains": {
              "BXb544RjwRhjqUg3ur69xR0oBDT1q0WKDu/EkJ/l77MY": {
                "chainKey": {
                  "counter": 0,
                  "key": "uZTXBSfVGLLGxPCzksu3puT43Vfs1aiY/iarIJul57g="
                },
                "chainType": 1,
                "messageKeys": {}
              }
            },
            "pendingPreKey": {
              "signedKeyId": 2,
              "baseKey": "BYlkY1e74P33RIhv6/qOXsAqT3HGXCbxSAx8YVUwckoX",
              "preKeyId": 114
            }
          }
        },
        "version": "v1"
      },
      "558481896042.0": {
        "_sessions": {
          "BRw4YMkReSD3Ia+Lihsmc+6HshFnvSnbT9fNNc351agt": {
            "registrationId": 878036075,
            "currentRatchet": {
              "ephemeralKeyPair": {
                "pubKey": "BWFf+ios94ZjEn3k72yxBxctw0uKn07mXkgu2BWe1ZkO",
                "privKey": "kK6WgNJRWxhpliPxatf5HwRbhviOp8glVt2OETHR/GY="
              },
              "lastRemoteEphemeralKey": "BTk29wChvYdF6Iq78t4rHxgf/HA08yqv9Cj69ZdKJS1W",
              "previousCounter": 0,
              "rootKey": "YBn4j1ibYm6+CaF7tUXLneLyAV7+Hr/KSP+q7RTQX/w="
            },
            "indexInfo": {
              "baseKey": "BRw4YMkReSD3Ia+Lihsmc+6HshFnvSnbT9fNNc351agt",
              "baseKeyType": 1,
              "closed": -1,
              "used": 1660245471865,
              "created": 1660245471865,
              "remoteIdentityKey": "BStqMi0/SQz5CqNLcQ2AsQCqN3MN3FOEyypGkHYdD7A9"
            },
            "_chains": {
              "BWFf+ios94ZjEn3k72yxBxctw0uKn07mXkgu2BWe1ZkO": {
                "chainKey": {
                  "counter": 0,
                  "key": "XRaCUrzw5Fz3hI6CfIV8/U0h3NDD8Ii/xvRChb+24nU="
                },
                "chainType": 1,
                "messageKeys": {}
              }
            },
            "pendingPreKey": {
              "signedKeyId": 2,
              "baseKey": "BRw4YMkReSD3Ia+Lihsmc+6HshFnvSnbT9fNNc351agt",
              "preKeyId": 13133093
            }
          }
        },
        "version": "v1"
      },
      "558486092740:1.0": {
        "_sessions": {
          "BSXA4BfXJ72W5Do/XXXlnES0hp6A1EH3r2jlz+WPx9QY": {
            "registrationId": 12889,
            "currentRatchet": {
              "ephemeralKeyPair": {
                "pubKey": "BTTdNOWy9JcANP+MF4tVPg14YDayfuUuE4GpXz8xHmJn",
                "privKey": "kLVRZ9eAFk1Bf1MuXg1y0uEmF2DWBKQNfhcAQTtZynE="
              },
              "lastRemoteEphemeralKey": "BYVEEGy/sUPZFdTtOTZpgbQCfZ6E5x0qzpmO7/8+fVBl",
              "previousCounter": 0,
              "rootKey": "QC2HggnOgNuArj8614L5sxoupWcecW+kPEtxnR4uo7Q="
            },
            "indexInfo": {
              "baseKey": "BSXA4BfXJ72W5Do/XXXlnES0hp6A1EH3r2jlz+WPx9QY",
              "baseKeyType": 1,
              "closed": -1,
              "used": 1660245476925,
              "created": 1660245476925,
              "remoteIdentityKey": "BRaPFNC2lsVPwQfpKdgETbFJI02QytEG8apUpCKlBxJ4"
            },
            "_chains": {
              "BTTdNOWy9JcANP+MF4tVPg14YDayfuUuE4GpXz8xHmJn": {
                "chainKey": {
                  "counter": 0,
                  "key": "WepLjyXWKEu9MUZXnf0qI3vUuJOiCurogL3LvLu0kS4="
                },
                "chainType": 1,
                "messageKeys": {}
              }
            },
            "pendingPreKey": {
              "signedKeyId": 6,
              "baseKey": "BSXA4BfXJ72W5Do/XXXlnES0hp6A1EH3r2jlz+WPx9QY",
              "preKeyId": 341
            }
          }
        },
        "version": "v1"
      },
      "558486092740.0": {
        "_sessions": {
          "BQW7e5hxK2MYjuXSpi/0ZyfQHzvpHaEudCeDsnftz2VZ": {
            "registrationId": 232548279,
            "currentRatchet": {
              "ephemeralKeyPair": {
                "pubKey": "BVNJZeWj4jlT0VM1slpLvI1lX+99f0Z+Tm8Tnu/0FAVA",
                "privKey": "SCRtpzJ5Cu+P6iYbnNkmlZzOxnyy5baoV8HKAHMoDGA="
              },
              "lastRemoteEphemeralKey": "BQow8hbKive8Gakg1Q8vRr5QscWR2OyQp/quXv5GNrsa",
              "previousCounter": 0,
              "rootKey": "KpIeOqK8w7jNfkbFOtm3K6vMDkZxyRAeCDeQJbd/q84="
            },
            "indexInfo": {
              "baseKey": "BQW7e5hxK2MYjuXSpi/0ZyfQHzvpHaEudCeDsnftz2VZ",
              "baseKeyType": 1,
              "closed": -1,
              "used": 1660245476926,
              "created": 1660245476926,
              "remoteIdentityKey": "BVUW6inU2F3FmPsmoCWkmlepVscbGKCl/8VZCL9DrIZV"
            },
            "_chains": {
              "BVNJZeWj4jlT0VM1slpLvI1lX+99f0Z+Tm8Tnu/0FAVA": {
                "chainKey": {
                  "counter": 0,
                  "key": "4dHAxwmy9Fu1lQNbacO717HIww7R4uL3uvuqXRfRnWA="
                },
                "chainType": 1,
                "messageKeys": {}
              }
            },
            "pendingPreKey": {
              "signedKeyId": 43,
              "baseKey": "BQW7e5hxK2MYjuXSpi/0ZyfQHzvpHaEudCeDsnftz2VZ",
              "preKeyId": 10878599
            }
          }
        },
        "version": "v1"
      },
      "558486181641:10.0": {
        "_sessions": {
          "BSfeP+FX3ajwz4p5RGNSuoWIS2sUXv0LG221cHRIn9Zp": {
            "registrationId": 12795,
            "currentRatchet": {
              "ephemeralKeyPair": {
                "pubKey": "BdyidVy8u5Pa8TcbigjXcPkTKb2M+xT4/kRBQxledoxE",
                "privKey": "OAsc7CJNuuYcJ4NddJZbNmTpE8jtDywLTkrvONkgH24="
              },
              "lastRemoteEphemeralKey": "Bbe1D6NRzPaLZ9uKEpxuj4dIDCfvJriFjaVE39famodL",
              "previousCounter": 0,
              "rootKey": "OesoSNNLXvojzqD7vRsmfGQ/8uO1Aem2VsMnbox8NPE="
            },
            "indexInfo": {
              "baseKey": "BSfeP+FX3ajwz4p5RGNSuoWIS2sUXv0LG221cHRIn9Zp",
              "baseKeyType": 1,
              "closed": -1,
              "used": 1660245481962,
              "created": 1660245481962,
              "remoteIdentityKey": "Bf3xl9cse1lufrReMdu5apDU5hPeHTHA/a8R5CY/5DkI"
            },
            "_chains": {
              "BdyidVy8u5Pa8TcbigjXcPkTKb2M+xT4/kRBQxledoxE": {
                "chainKey": {
                  "counter": 0,
                  "key": "DZ8BGVD30MruTjouXfrn8ZUzzg0jFGiDXHE5DyjnEfY="
                },
                "chainType": 1,
                "messageKeys": {}
              }
            },
            "pendingPreKey": {
              "signedKeyId": 1,
              "baseKey": "BSfeP+FX3ajwz4p5RGNSuoWIS2sUXv0LG221cHRIn9Zp",
              "preKeyId": 427
            }
          }
        },
        "version": "v1"
      },
      "558486181641.0": {
        "_sessions": {
          "BebdOYhUMyIWgt25oZ/yxG2/3IwJ5HYMDD2B3ObkLxFn": {
            "registrationId": 1093727630,
            "currentRatchet": {
              "ephemeralKeyPair": {
                "pubKey": "BRX3TAzU5c36uGB2cCEpZC6wQegzxBo76z9COKNFyzcx",
                "privKey": "yMzJ3vTShSRCZqZ2XLHRcbriwFmG0TNihSBjflooRGI="
              },
              "lastRemoteEphemeralKey": "BdpKNBcFl6MwKfTCeG4wuqbADmROhxb2D/CVhpZi+aQM",
              "previousCounter": 0,
              "rootKey": "l6ZN8oTAzHd6woCUPoeLTJMogRRnCMfxZglK7Fo/mfc="
            },
            "indexInfo": {
              "baseKey": "BebdOYhUMyIWgt25oZ/yxG2/3IwJ5HYMDD2B3ObkLxFn",
              "baseKeyType": 1,
              "closed": -1,
              "used": 1660245481963,
              "created": 1660245481963,
              "remoteIdentityKey": "BTMlvobFXe81/04X0rwHKMV/unFp2H4Co4AcTrpXgZN0"
            },
            "_chains": {
              "BRX3TAzU5c36uGB2cCEpZC6wQegzxBo76z9COKNFyzcx": {
                "chainKey": {
                  "counter": 0,
                  "key": "sZNuCwWRMnZbMWKdFS218/3f7Gmt5sRhsbQW3DhN4Vs="
                },
                "chainType": 1,
                "messageKeys": {}
              }
            },
            "pendingPreKey": {
              "signedKeyId": 6,
              "baseKey": "BebdOYhUMyIWgt25oZ/yxG2/3IwJ5HYMDD2B3ObkLxFn",
              "preKeyId": 332541
            }
          }
        },
        "version": "v1"
      },
      "558487705389:8.0": {
        "_sessions": {
          "BQDr0lwz1zoLNsiQbO/JUyYF5RzRqUD9NQHHJ7xDWSJU": {
            "registrationId": 11595,
            "currentRatchet": {
              "ephemeralKeyPair": {
                "pubKey": "BY/IkU6DhqqqzCSqptKGUG4LLNHUp8Kzh+oI5p8fNDBW",
                "privKey": "EM7ig6/B23NhCAMWxRDwngcR9BR3TPx1UxCOykN4rGw="
              },
              "lastRemoteEphemeralKey": "BRNtz9rWQZv1emL98GcYMQ0bvd7UncYCgu1FRFHrXNVX",
              "previousCounter": 0,
              "rootKey": "UlfA9F4TcewjB8SDQCMChMiYa6bWXpAYrsrGHzgmkog="
            },
            "indexInfo": {
              "baseKey": "BQDr0lwz1zoLNsiQbO/JUyYF5RzRqUD9NQHHJ7xDWSJU",
              "baseKeyType": 1,
              "closed": -1,
              "used": 1660245486983,
              "created": 1660245486983,
              "remoteIdentityKey": "BZz3FT10PgqrvfCEVnAw5Ve+pI2LsEu1DzgaOUD3GT0V"
            },
            "_chains": {
              "BY/IkU6DhqqqzCSqptKGUG4LLNHUp8Kzh+oI5p8fNDBW": {
                "chainKey": {
                  "counter": 0,
                  "key": "JP4SZFMJn5S4cMBqmm9Hz495rYiD7DNG5ibOzZMu9F8="
                },
                "chainType": 1,
                "messageKeys": {}
              }
            },
            "pendingPreKey": {
              "signedKeyId": 3,
              "baseKey": "BQDr0lwz1zoLNsiQbO/JUyYF5RzRqUD9NQHHJ7xDWSJU",
              "preKeyId": 332
            }
          }
        },
        "version": "v1"
      },
      "558487705389.0": {
        "_sessions": {
          "BVs2QKDSK5o1T+yg+Gmt9mmu6k/QUejfzIeH7CskYuAg": {
            "registrationId": 424129384,
            "currentRatchet": {
              "ephemeralKeyPair": {
                "pubKey": "Bbrum4IlsT4V/8s4r4BxHMFSyYkOf92YGGwaiUOqKHYG",
                "privKey": "sO8G4IIzSBYXFvk+Hw8Orcrk/TAzw6B13Sh3rQL4KE8="
              },
              "lastRemoteEphemeralKey": "BcGNYIfKX37ForfFe1qx1vBZ/HKi0mR3iJmlztQOIJFk",
              "previousCounter": 0,
              "rootKey": "0hqFX0DpLUn5bqfOGQwIoSYMhd+bp9CsdQ8RdKjlbWc="
            },
            "indexInfo": {
              "baseKey": "BVs2QKDSK5o1T+yg+Gmt9mmu6k/QUejfzIeH7CskYuAg",
              "baseKeyType": 1,
              "closed": -1,
              "used": 1660245486986,
              "created": 1660245486986,
              "remoteIdentityKey": "BVzLFcjQ5x2K/ymzAnUpLN56NW3nP98s82wwLJ/Quetw"
            },
            "_chains": {
              "Bbrum4IlsT4V/8s4r4BxHMFSyYkOf92YGGwaiUOqKHYG": {
                "chainKey": {
                  "counter": 0,
                  "key": "FUe4a22pXuyUV3Uv3RBmSEWJsOGN/qyr5rygURD+tek="
                },
                "chainType": 1,
                "messageKeys": {}
              }
            },
            "pendingPreKey": {
              "signedKeyId": 7,
              "baseKey": "BVs2QKDSK5o1T+yg+Gmt9mmu6k/QUejfzIeH7CskYuAg",
              "preKeyId": 4109640
            }
          }
        },
        "version": "v1"
      }
    },
    "appStateSyncKeys": {
      "AAAAAMAF": {
        "keyData": "YwMekM/iyTiMX+hF7myNbR9seTEnV93ZbInbv+NFu3I=",
        "fingerprint": {
          "rawId": 432986547,
          "currentIndex": 1,
          "deviceIndexes": [
            0,
            1
          ]
        },
        "timestamp": "1660245155710"
      },
      "AAAAAMAD": {
        "keyData": "SKewn2JAcOR6ETGjT1Pb00TVWiyosIwi+Sxq3KcCBvo=",
        "fingerprint": {
          "rawId": 432986545,
          "currentIndex": 1,
          "deviceIndexes": [
            0,
            1
          ]
        },
        "timestamp": "1660244623798"
      },
      "AAAAAMAE": {
        "keyData": "8wkjBUxCJ9cUH4EIs2bCyDF+c3WJdri2WE78d13J5Rc=",
        "fingerprint": {
          "rawId": 432986546,
          "currentIndex": 1,
          "deviceIndexes": [
            0,
            1
          ]
        },
        "timestamp": "1660244746351"
      },
      "AAAAAMAB": {
        "keyData": "2gwPZuMoNF9SeofEKQGvmq6M7mjR5luMrpfdadLw6QI=",
        "fingerprint": {
          "rawId": 432986542,
          "currentIndex": 1,
          "deviceIndexes": [
            0,
            1
          ]
        },
        "timestamp": "1660243694233"
      },
      "AAAAAMAC": {
        "keyData": "dthATuHU4MzE7FyObzuMs9BexYSNFD1g4Acjc4bodkk=",
        "fingerprint": {
          "rawId": 432986543,
          "currentIndex": 1,
          "deviceIndexes": [
            0,
            1
          ]
        },
        "timestamp": "1660243984442"
      },
      "AAAAAL/+": {
        "keyData": "RHNbpyGERjXTDdhigpa/bCa+wFqhJbuQg2Nn8D7UiNE=",
        "fingerprint": {
          "rawId": 432986538,
          "currentIndex": 1,
          "deviceIndexes": [
            0
          ]
        },
        "timestamp": "1660229227670"
      },
      "AAAAAL//": {
        "keyData": "l+CvtNVxWoDUOLRtlCLlVX0MxBF2Vu2G1xsrehXb/7M=",
        "fingerprint": {
          "rawId": 432986539,
          "currentIndex": 1,
          "deviceIndexes": [
            0,
            1
          ]
        },
        "timestamp": "1660242792940"
      },
      "AAAAAMAA": {
        "keyData": "lbqy3XcZuhzNRIxEC+4iNOyFqI72rT4YDMvtS9Zu6hk=",
        "fingerprint": {
          "rawId": 432986540,
          "currentIndex": 2,
          "deviceIndexes": [
            0,
            1
          ]
        },
        "timestamp": "1660243265319"
      },
      "AAAAAL/0": {
        "keyData": "yL+uUn1hfUlkhIVT6ttK+Xn1uSbIEt9xPFle6ODaTOQ=",
        "fingerprint": {
          "rawId": 432986527,
          "currentIndex": 1,
          "deviceIndexes": [
            0,
            1
          ]
        },
        "timestamp": "1659639501900"
      },
      "AAAAAL/1": {
        "keyData": "d1rfSO0Qt65ApECmA4IoVPcCM1cV4RixFPcOFd2qGNw=",
        "fingerprint": {
          "rawId": 432986528,
          "currentIndex": 1,
          "deviceIndexes": [
            0,
            1
          ]
        },
        "timestamp": "1659984925456"
      },
      "AAAAAL/y": {
        "keyData": "lnNms+yzCFsKYINQelbDzzoHgHGy3uuXjmRUYj0SjVY=",
        "fingerprint": {
          "rawId": 432986518,
          "currentIndex": 1,
          "deviceIndexes": [
            0,
            1
          ]
        },
        "timestamp": "1658946453481"
      },
      "AAAAAL/z": {
        "keyData": "7ymPxplEhFNFwwvf9ucXE8mEYYeNqYjq2ZkqTfoIpGw=",
        "fingerprint": {
          "rawId": 432986519,
          "currentIndex": 1,
          "deviceIndexes": [
            0,
            1
          ]
        },
        "timestamp": "0"
      },
      "AAAAAL/w": {
        "keyData": "TQsYZKownrj4Uwgf9eUu7stkffI8CwswYX7MgDZAbg4=",
        "fingerprint": {
          "rawId": 432986515,
          "currentIndex": 1,
          "deviceIndexes": [
            0,
            1
          ]
        },
        "timestamp": "1653499071764"
      },
      "AAAAAL/x": {
        "keyData": "MZsmM6Qy3LIDQXYgO7kOMukxqcXReEaVQhGTdI125Sw=",
        "fingerprint": {
          "rawId": 432986515,
          "currentIndex": 1,
          "deviceIndexes": [
            0,
            1
          ]
        },
        "timestamp": "1658775643808"
      },
      "AAAAAL/8": {
        "keyData": "V9e4K4z5x/r+0lFaxD2QAaGjNrznZ+Mo0HCOwNR0IM0=",
        "fingerprint": {
          "rawId": 432986536,
          "currentIndex": 1,
          "deviceIndexes": [
            0,
            1
          ]
        },
        "timestamp": "1660228214967"
      },
      "AAAAAL/9": {
        "keyData": "zjQf0iyVJgKSw+59E5mKH7hnhr9CuYcUKiCJmgOrl+g=",
        "fingerprint": {
          "rawId": 432986538,
          "currentIndex": 1,
          "deviceIndexes": [
            0,
            1
          ]
        },
        "timestamp": "1660229078661"
      },
      "AAAAAL/6": {
        "keyData": "Rzzvusjc5a1hyQhjNWIFRuJOrSC4K7trHPAjd40RnBE=",
        "fingerprint": {
          "rawId": 432986533,
          "currentIndex": 1,
          "deviceIndexes": [
            0,
            1
          ]
        },
        "timestamp": "1660074037476"
      },
      "AAAAAL/7": {
        "keyData": "TKDPlvSYIEGadD1A/iF7NHlq719AGBwSXKfpHa1W30I=",
        "fingerprint": {
          "rawId": 432986535,
          "currentIndex": 1,
          "deviceIndexes": [
            0,
            1
          ]
        },
        "timestamp": "1660075326738"
      },
      "AAAAAL/4": {
        "keyData": "XWn/Jt71X0lJKkEJrSECd03dplCRiM68W/mY6GwJoeU=",
        "fingerprint": {
          "rawId": 432986531,
          "currentIndex": 1,
          "deviceIndexes": [
            0,
            1
          ]
        },
        "timestamp": "1660064141089"
      },
      "AAAAAL/5": {
        "keyData": "Db4E6Tww5YxVM6ffr+yl9RutfYPyodl4ccmcFU5Csa4=",
        "fingerprint": {
          "rawId": 432986532,
          "currentIndex": 1,
          "deviceIndexes": [
            0,
            1
          ]
        },
        "timestamp": "1660073702177"
      },
      "AAAAAL/2": {
        "keyData": "gt4cCZBlcJstoXNzpruab0f/iUp1QOv90dj4gqDbXnw=",
        "fingerprint": {
          "rawId": 432986529,
          "currentIndex": 1,
          "deviceIndexes": [
            0,
            1
          ]
        },
        "timestamp": "1659985441050"
      },
      "AAAAAL/3": {
        "keyData": "+uN/dismiNR1fPvE4pYI0iEvGKgVFJGgvuREBi7CA00=",
        "fingerprint": {
          "rawId": 432986530,
          "currentIndex": 1,
          "deviceIndexes": [
            0,
            1
          ]
        },
        "timestamp": "1659985504483"
      }
    },
    "appStateVersions": {
      "regular": {
        "version": 21,
        "hash": {
          "type": "Buffer",
          "data": "Zvhm7+/6kRPiiKw3DAPUP9XDHUvREsfmMvAOBR8odK3SandyhxFI0gBPDZNAPVVKqIxCWGfT+WqdvNgJOIlu7HkgrRL0MjEv9QsPaAF4pjhVx45iq5v+vaThGs0GR7wE+gnBrgTYzkGXgxx2mlbxkNVBCBNq6uOSekqjamF1cpY="
        },
        "indexValueMap": {
          "ZW49UxhQoVo08zinBkFCFOFiZPEKfHDPuYiSY+QAqoM=": {
            "valueMac": {
              "type": "Buffer",
              "data": "tpeutJgSyYpIGtPXkZUkD+jaChAszdk+K8o/KlwL8v0="
            }
          },
          "YDqNOnfSAkfUYTu3YtXTyaVtdHiBwCpQdOvru7oxxR0=": {
            "valueMac": {
              "type": "Buffer",
              "data": "JMGtW6geAHni//9MgEf+6qlT9xZjXV0XYn6mT+MCbkI="
            }
          }
        }
      },
      "critical_unblock_low": {
        "version": 20,
        "hash": {
          "type": "Buffer",
          "data": "JMVBVQxT1CUEZk1wq+nimw9r+EAb38arYx0kfPttrqgcfFBo5Zzc0Lung1jM3Fwvga1oEcQaxqrDePtI4IA18gJOLxxOtrhwjwJ7rGLKp4Fum9Alc605b1xXbekSIyBGoDz8dn7GsY0tKY2hlHbnuUoiBL0GvpoRk7eLHIDiP7A="
        },
        "indexValueMap": {
          "BnIEQWRDoHmbLAu4QFpVP7WULSydvXxHmbpQGQnT/Xo=": {
            "valueMac": {
              "type": "Buffer",
              "data": "X1/mnzVB1oUCzC61Ftzkdh+nWqojRFwSCWjnFuJLP+U="
            }
          }
        }
      },
      "regular_low": {
        "version": 23,
        "hash": {
          "type": "Buffer",
          "data": "NxG4zbykag0hjZ3YjbNdobR35qqS9m3fXuIkjB5tWHgEpUu+ml/j1LkRHg9hyQeIGKj+8LK9FxyTsS+ThqU1JCDPt8QcN2DgtF3OftaJutvq1t6HFTW10wp6Y9OM7MP6zVcrFYH83fq1CeqRMb3Pk4oLhF7LgBa8YfX6FHT/pZo="
        },
        "indexValueMap": {
          "7OXWl3nRwZzzVpIWve1TRmuA9jIOBsaMl8ELIT2BtBY=": {
            "valueMac": {
              "type": "Buffer",
              "data": "qP38LTveRSHunD1l424ROnmMfOfz3iKtS87uoDHU+9M="
            }
          },
          "j1K5FQ1/1qN+v1s8NSGtrW+ycYXS68uofp0xFJDRTWs=": {
            "valueMac": {
              "type": "Buffer",
              "data": "KXV9gSH47qUdavFnnIaOyRSSBQ4maxgnW4mUdC7xb9Y="
            }
          },
          "QMIAxBhW+JD/IQ5UkqqwYXLp5BIBnARXRyxwZMB2B/8=": {
            "valueMac": {
              "type": "Buffer",
              "data": "rME2VlW24YQQHh7CbhjXS6M0Jwet8+Vgspr+dBgDxLQ="
            }
          },
          "nZXL2OeXHYySfn9AoFapTXpsU0hf3kzqGZ37GibPyHI=": {
            "valueMac": {
              "type": "Buffer",
              "data": "T82mYBeMEphnPlylHhW8QaJUpECQjSDT/vyaGKu4lq4="
            }
          },
          "SuTbls8I++BBfPvHyhjEjeZtjuf0VDULPtaU6JU/RTM=": {
            "valueMac": {
              "type": "Buffer",
              "data": "mi2rDR+Ca8RS2QMs9Q66su396GKt3yeFs1w/HSBetgE="
            }
          }
        }
      },
      "critical_block": {
        "version": 21,
        "hash": {
          "type": "Buffer",
          "data": "h135iSGtwdLB5QF+xRLmaJFYaFFQrJOwygaZLTGhTD5cVZtqKejzYkdyC7MMeTxgP/pNtr3H8B1Mkq37gcMqw/x4sSrIYuqm6o2MLeUIB8ZbhH4qwapuK7in6+XI9GxFi4F1kfe2zuARiXKPTBrEASwVIFH9aPVij/kmHcTIrKU="
        },
        "indexValueMap": {
          "8bwL67+v6DQga2p+ghihAzkIN2OJlPDzaPPPg8p/SgM=": {
            "valueMac": {
              "type": "Buffer",
              "data": "58hZc31F3TvHk+TgA14PtW7O661KA1BYgR5A2/ji434="
            }
          },
          "9bpuRLptlmJEH3pbGL3kawYVRtjj8Z1LMhKpnkMLtgk=": {
            "valueMac": {
              "type": "Buffer",
              "data": "/jc4ry09qmYr+S8MEeXCla8nT4fkFs75LGSGBPS8w4w="
            }
          },
          "CcMapKKjFdZUc/CkWpzltM9RqFxrLZtp4BrYrs9oShE=": {
            "valueMac": {
              "type": "Buffer",
              "data": "UDPmm7vogpHaNW+Vu6eNRFQB+5qigdhgmt+P8Mj033s="
            }
          }
        }
      },
      "regular_high": {
        "version": 22,
        "hash": {
          "type": "Buffer",
          "data": "I5Wk/D96Zop4zQqxKUm/G7KTRhnHvY75pKy3z196TNGJLbBt43zGNFJkmcNmrlTazkKf5fnhnrJzmNKbZYQ6ZJOl3NJWG0JbeF6c5K4W5coh1DQvewBp7/aTQDLYrPyt/bCsyImayeRIomDvnJJx7/f/0MQ5TJK9BFK/4YUIGo4="
        },
        "indexValueMap": {
          "t3so4J4ieHQlub1HekPL+xmzW8/cBSKZl9WmG/EmYeQ=": {
            "valueMac": {
              "type": "Buffer",
              "data": "BSMRE/XIssG0HDr0hRwABPOqF9WkWtvZH5tGjlmWXdA="
            }
          },
          "O4ZFGAPADTnxCW6GEhlQ7gx1HISYNMzUfQxr/grUcsA=": {
            "valueMac": {
              "type": "Buffer",
              "data": "IrMMIloIojRgOhZShGqxNtSwIPoCq0UCHUi0K1s/fyA="
            }
          },
          "KFYQob7usBatyJIa+GeBxZExtASsIbw0rhqF6R0pOfs=": {
            "valueMac": {
              "type": "Buffer",
              "data": "4cgV6B1yXxwRUYAQNnlbfFi1rJc1Opnvo7sjRo2T0Bg="
            }
          },
          "IpDM8RjVVaOy3V0H4IprxCLfKG77BBpUkGsfTDFKqUA=": {
            "valueMac": {
              "type": "Buffer",
              "data": "EWHgSkPENX75UFbL1bMre8E1eRX3q1gBKuCpctcj/uE="
            }
          }
        }
      }
    }
  }
}